SITEYR,YEAR,CountyName,HerpTaxa,DFUS,EBIS,PRUB,ELON,DMON,DOCH,HerpAdultObs,HerpJuvObs,HerpLarvaObs,HerpEggObs,HerpSeen,HerpHeard,HerpSeason,HerpComment
EVIT-107-B-2007,2007,Allegany,NORTHERN DUSKY SALAMANDER,1,,,,,,,,,,,,Stream Salamander,
EVIT-111-B-2007,2007,Allegany,NORTHERN DUSKY SALAMANDER,1,,,,,,,,,,,,Stream Salamander,
EVIT-203-B-2007,2007,Allegany,NORTHERN DUSKY SALAMANDER,1,,,,,,,,,,,,Stream Salamander,
EVIT-208-B-2007,2007,Allegany,NORTHERN DUSKY SALAMANDER,1,,,,,,,,,,,,Stream Salamander,
EVIT-306-B-2007,2007,Allegany,NORTHERN DUSKY SALAMANDER,1,,,,,,,,,,,,Stream Salamander,
FIMI-207-S-2007,2007,Allegany,NORTHERN DUSKY SALAMANDER,1,,,,,,,,,,,,Stream Salamander,
LCON-207-R-2007,2007,Washington,NORTHERN DUSKY SALAMANDER,1,,,,,,,,,,,,Stream Salamander,
PRFR-116-R-2007,2007,Washington,NORTHERN DUSKY SALAMANDER,1,,,,,,,,,,,,Stream Salamander,
PRLN-104-R-2007,2007,Allegany,NORTHERN DUSKY SALAMANDER,1,,,,,,,,,,,,Stream Salamander,
PRLN-302-R-2007,2007,Allegany,NORTHERN DUSKY SALAMANDER,1,,,,,,,,,,,,Stream Salamander,
PRLN-305-R-2007,2007,Allegany,NORTHERN DUSKY SALAMANDER,1,,,,,,,,,,,,Stream Salamander,
PRLN-626-S-2007,2007,Allegany,NORTHERN DUSKY SALAMANDER,1,,,,,,,,,,,,Stream Salamander,
PRUN-107-R-2007,2007,Garrett,NORTHERN DUSKY SALAMANDER,1,,,,,,,,,,,,Stream Salamander,
PRUN-108-R-2007,2007,Garrett,NORTHERN DUSKY SALAMANDER,1,,,,,,,,,,,,Stream Salamander,
SAVA-102-R-2007,2007,Garrett,NORTHERN DUSKY SALAMANDER,1,,,,,,,,,,,,Stream Salamander,
SAVA-104-R-2007,2007,Garrett,NORTHERN DUSKY SALAMANDER,1,,,,,,,,,,,,Stream Salamander,
SAVA-105-R-2007,2007,Garrett,NORTHERN DUSKY SALAMANDER,1,,,,,,,,,,,,Stream Salamander,
SAVA-204-S-2007,2007,Garrett,NORTHERN DUSKY SALAMANDER,1,,,,,,,,,,,,Stream Salamander,
SAVA-225-S-2007,2007,Garrett,NORTHERN DUSKY SALAMANDER,1,,,,,,,,,,,,Stream Salamander,
SAVA-276-S-2007,2007,Garrett,NORTHERN DUSKY SALAMANDER,1,,,,,,,,,,,,Stream Salamander,
SIDE-401-H-2007,2007,Allegany,NORTHERN DUSKY SALAMANDER,1,,,,,,,,,,,,Stream Salamander,
UMON-119-S-2007,2007,Frederick,NORTHERN DUSKY SALAMANDER,1,,,,,,,,,,,,Stream Salamander,
UMON-288-S-2007,2007,Frederick,NORTHERN DUSKY SALAMANDER,1,,,,,,,,,,,,Stream Salamander,
YOUG-103-R-2007,2007,Garrett,NORTHERN DUSKY SALAMANDER,1,,,,,,,,,,,,Stream Salamander,
YOUG-201-R-2007,2007,Garrett,NORTHERN DUSKY SALAMANDER,1,,,,,,,,,,,,Stream Salamander,
YOUG-208-R-2007,2007,Garrett,NORTHERN DUSKY SALAMANDER,1,,,,,,,,,,,,Stream Salamander,
YOUG-432-S-2007,2007,Garrett,NORTHERN DUSKY SALAMANDER,1,,,,,,,,,,,,Stream Salamander,
CASS-101-R-2008,2008,Garrett,NORTHERN DUSKY SALAMANDER,1,,,,,,,,,,,,Stream Salamander,
DCRL-105-B-2008,2008,Garrett,NORTHERN DUSKY SALAMANDER,1,,,,,,,,,,,,Stream Salamander,
FIMI-204-R-2008,2008,Allegany,NORTHERN DUSKY SALAMANDER,1,,,,,,,,,,,,Stream Salamander,
FIMI-207-S-2008,2008,Allegany,NORTHERN DUSKY SALAMANDER,1,,,,,,N,N,Y,N,Y,N,Spring,
FIMI-207-S-2008,2008,Allegany,NORTHERN DUSKY SALAMANDER,1,,,,,,,,,,,,Stream Salamander,
GEOR-110-R-2008,2008,Allegany,NORTHERN DUSKY SALAMANDER,1,,,,,,Y,N,N,N,Y,N,Spring,
GEOR-110-R-2008,2008,Allegany,NORTHERN DUSKY SALAMANDER,1,,,,,,,,,,,,Stream Salamander,
GEOR-209-R-2008,2008,Allegany,NORTHERN DUSKY SALAMANDER,1,,,,,,,,,,,,Stream Salamander,
LCON-203-B-2008,2008,Washington,NORTHERN DUSKY SALAMANDER,1,,,,,,N,N,Y,N,Y,N,Spring,
LIKG-201-B-2008,2008,Washington,NORTHERN DUSKY SALAMANDER,1,,,,,,,,,,,,Stream Salamander,
LTON-101-B-2008,2008,Washington,NORTHERN DUSKY SALAMANDER,1,,,,,,,,,,,,Stream Salamander,
PRAL-102-R-2008,2008,Allegany,NORTHERN DUSKY SALAMANDER,1,,,,,,Y,N,N,N,Y,N,Spring,
PRAL-102-R-2008,2008,Allegany,NORTHERN DUSKY SALAMANDER,1,,,,,,,,,,,,Stream Salamander,
PRLN-626-S-2008,2008,Allegany,NORTHERN DUSKY SALAMANDER,1,,,,,,,,,,,,Stream Salamander,
PRWA-212-R-2008,2008,Washington,NORTHERN DUSKY SALAMANDER,1,,,,,,N,N,Y,N,Y,N,Spring,
SAVA-225-S-2008,2008,Garrett,NORTHERN DUSKY SALAMANDER,1,,,,,,,,,,,,Stream Salamander,
SAVA-276-S-2008,2008,Garrett,NORTHERN DUSKY SALAMANDER,1,,,,,,,,,,,,Stream Salamander,
SIDE-103-R-2008,2008,Allegany,NORTHERN DUSKY SALAMANDER,1,,,,,,N,N,Y,N,Y,N,Spring,
TOWN-106-R-2008,2008,Allegany,NORTHERN DUSKY SALAMANDER,1,,,,,,,,,,,,Stream Salamander,
TOWN-107-R-2008,2008,Allegany,NORTHERN DUSKY SALAMANDER,1,,,,,,,,,,,,Stream Salamander,
YOUG-432-S-2008,2008,Garrett,NORTHERN DUSKY SALAMANDER,1,,,,,,,,,,,,Stream Salamander,
CASS-302-A-2009,2009,Garrett,NORTHERN DUSKY SALAMANDER,1,,,,,,,,,,,,Stream Salamander,
EVIT-110-R-2009,2009,Allegany,NORTHERN DUSKY SALAMANDER,1,,,,,,,,,,,,Stream Salamander,
FIMI-101-A-2009,2009,Allegany,NORTHERN DUSKY SALAMANDER,1,,,,,,,,,,,,Stream Salamander,
FIMI-101-H-2009,2009,Allegany,NORTHERN DUSKY SALAMANDER,1,,,,,,Y,Y,N,N,,,RTE Herp,
FIMI-129-A-2009,2009,Allegany,NORTHERN DUSKY SALAMANDER,1,,,,,,,,,,,,Stream Salamander,
SAVA-225-S-2009,2009,Garrett,NORTHERN DUSKY SALAMANDER,1,,,,,,,,,,,,Stream Salamander,
SAVA-276-S-2009,2009,Garrett,NORTHERN DUSKY SALAMANDER,1,,,,,,,,,,,,Stream Salamander,
WILL-109-R-2009,2009,Allegany,NORTHERN DUSKY SALAMANDER,1,,,,,,,,,,,,Stream Salamander,
WILL-111-R-2009,2009,Allegany,NORTHERN DUSKY SALAMANDER,1,,,,,,,,,,,,Stream Salamander,
YOUG-104-A-2009,2009,Garrett,NORTHERN DUSKY SALAMANDER,1,,,,,,,,,,,,Stream Salamander,
YOUG-122-A-2009,2009,Garrett,NORTHERN DUSKY SALAMANDER,1,,,,,,,,,,,,Stream Salamander,
YOUG-123-A-2009,2009,Garrett,NORTHERN DUSKY SALAMANDER,1,,,,,,,,,,,,Stream Salamander,
YOUG-202-A-2009,2009,Garrett,NORTHERN DUSKY SALAMANDER,1,,,,,,,,,,,,Stream Salamander,
YOUG-203-A-2009,2009,Garrett,NORTHERN DUSKY SALAMANDER,1,,,,,,,,,,,,Stream Salamander,
YOUG-432-S-2009,2009,Garrett,NORTHERN DUSKY SALAMANDER,1,,,,,,,,,,,,Stream Salamander,
CASS-201-H-2010,2010,Garrett,NORTHERN DUSKY SALAMANDER,1,,,,,,Y,N,N,N,Y,N,Spring,
CASS-105-X-2011,2011,Garrett,NORTHERN DUSKY SALAMANDER,1,,,,,,Y,N,N,N,Y,N,,
CASS-392-B-2012,2012,Garrett,NORTHERN DUSKY SALAMANDER,1,,,,,,N,N,Y,N,Y,N,Spring,
FIMI-207-S-2012,2012,Allegany,NORTHERN DUSKY SALAMANDER,1,,,,,,Y,N,N,N,Y,N,Spring,
SAVA-102-H-2012,2012,Garrett,NORTHERN DUSKY SALAMANDER,1,,,,,,Y,N,N,N,Y,N,Spring,
SAVA-104-H-2012,2012,Garrett,NORTHERN DUSKY SALAMANDER,1,,,,,,Y,N,N,N,Y,N,Spring,
SAVA-105-H-2012,2012,Garrett,NORTHERN DUSKY SALAMANDER,1,,,,,,Y,N,N,N,Y,N,Spring,
SAVA-192-A-2012,2012,Garrett,NORTHERN DUSKY SALAMANDER,1,,,,,,Y,N,N,N,Y,N,Spring,
SAVA-204-S-2012,2012,Garrett,NORTHERN DUSKY SALAMANDER,1,,,,,,Y,N,N,N,Y,N,Spring,
PRLN-626-S-2013,2013,Allegany,NORTHERN DUSKY SALAMANDER,1,,,,,,Y,N,N,N,Y,N,Spring,
SAVA-276-S-2013,2013,Garrett,NORTHERN DUSKY SALAMANDER,1,,,,,,Y,N,N,N,,,Summer,
YOUG-104-D-2013,2013,Garrett,NORTHERN DUSKY SALAMANDER,1,,,,,,Y,N,N,N,,,Summer,
CASS-101-D-2014,2014,Garrett,NORTHERN DUSKY SALAMANDER,1,,,,,,Y,N,Y,N,Y,N,Spring,
PRAL-103-R-2015,2015,Washington,NORTHERN DUSKY SALAMANDER,1,,,,,,Y,N,N,N,Y,N,Spring,
PRLN-218-R-2016,2016,Allegany,NORTHERN DUSKY SALAMANDER,1,,,,,,Y,N,N,N,Y,N,Spring,
EVIT-107-B-2007,2007,Allegany,NORTHERN TWO-LINED SALAMANDER,,1,,,,,,,,,,,Stream Salamander,
FIMI-207-S-2007,2007,Allegany,NORTHERN TWO-LINED SALAMANDER,,1,,,,,,,,,,,Stream Salamander,
PRFR-116-R-2007,2007,Washington,NORTHERN TWO-LINED SALAMANDER,,1,,,,,,,,,,,Stream Salamander,
PRLN-302-R-2007,2007,Allegany,NORTHERN TWO-LINED SALAMANDER,,1,,,,,,,,,,,Stream Salamander,
SAVA-204-S-2007,2007,Garrett,NORTHERN TWO-LINED SALAMANDER,,1,,,,,,,,,,,Stream Salamander,
SAVA-225-S-2007,2007,Garrett,NORTHERN TWO-LINED SALAMANDER,,1,,,,,,,,,,,Stream Salamander,
UMON-119-S-2007,2007,Frederick,NORTHERN TWO-LINED SALAMANDER,,1,,,,,,,,,,,Stream Salamander,
UMON-201-R-2007,2007,Frederick,NORTHERN TWO-LINED SALAMANDER,,1,,,,,,,,,,,Stream Salamander,
UMON-278-A-2007,2007,Frederick,NORTHERN TWO-LINED SALAMANDER,,1,,,,,,,,,,,Stream Salamander,
UMON-288-S-2007,2007,Frederick,NORTHERN TWO-LINED SALAMANDER,,1,,,,,,,,,,,Stream Salamander,
YOUG-103-R-2007,2007,Garrett,NORTHERN TWO-LINED SALAMANDER,,1,,,,,,,,,,,Stream Salamander,
YOUG-345-A-2007,2007,Garrett,NORTHERN TWO-LINED SALAMANDER,,1,,,,,,,,,,,Stream Salamander,
YOUG-432-S-2007,2007,Garrett,NORTHERN TWO-LINED SALAMANDER,,1,,,,,,,,,,,Stream Salamander,
CASS-105-R-2008,2008,Garrett,NORTHERN TWO-LINED SALAMANDER,,1,,,,,Y,N,N,N,Y,N,Spring,
CASS-202-R-2008,2008,Garrett,NORTHERN TWO-LINED SALAMANDER,,1,,,,,,,,,,,Stream Salamander,
DCRL-105-B-2008,2008,Garrett,NORTHERN TWO-LINED SALAMANDER,,1,,,,,,,,,,,Stream Salamander,
DCRL-106-B-2008,2008,Garrett,NORTHERN TWO-LINED SALAMANDER,,1,,,,,,,,,,,Stream Salamander,
DCRL-106-B-2008,2008,Garrett,NORTHERN TWO-LINED SALAMANDER,,1,,,,,Y,N,Y,N,Y,N,Spring,
FIMI-203-R-2008,2008,Allegany,NORTHERN TWO-LINED SALAMANDER,,1,,,,,,,,,,,Stream Salamander,
FIMI-207-S-2008,2008,Allegany,NORTHERN TWO-LINED SALAMANDER,,1,,,,,,,,,,,Stream Salamander,
GEOR-209-R-2008,2008,Allegany,NORTHERN TWO-LINED SALAMANDER,,1,,,,,,,,,,,Stream Salamander,
LCON-106-B-2008,2008,Washington,NORTHERN TWO-LINED SALAMANDER,,1,,,,,,,,,,,Stream Salamander,
LCON-203-B-2008,2008,Washington,NORTHERN TWO-LINED SALAMANDER,,1,,,,,,,,,,,Stream Salamander,
LCON-207-B-2008,2008,Washington,NORTHERN TWO-LINED SALAMANDER,,1,,,,,,,,,,,Stream Salamander,
LMON-107-R-2008,2008,Frederick,NORTHERN TWO-LINED SALAMANDER,,1,,,,,,,,,,,Stream Salamander,
LTON-205-R-2008,2008,Washington,NORTHERN TWO-LINED SALAMANDER,,1,,,,,Y,N,N,N,Y,N,Spring,
LTON-205-R-2008,2008,Washington,NORTHERN TWO-LINED SALAMANDER,,1,,,,,,,,,,,Stream Salamander,
PRWA-212-R-2008,2008,Washington,NORTHERN TWO-LINED SALAMANDER,,1,,,,,,,,,,,Stream Salamander,
SAVA-204-S-2008,2008,Garrett,NORTHERN TWO-LINED SALAMANDER,,1,,,,,,,,,,,Stream Salamander,
SAVA-225-S-2008,2008,Garrett,NORTHERN TWO-LINED SALAMANDER,,1,,,,,Y,N,N,N,Y,N,Spring,
SAVA-276-S-2008,2008,Garrett,NORTHERN TWO-LINED SALAMANDER,,1,,,,,,,,,,,Stream Salamander,
SIDE-103-R-2008,2008,Allegany,NORTHERN TWO-LINED SALAMANDER,,1,,,,,,,,,,,Stream Salamander,
SIDE-201-R-2008,2008,Washington,NORTHERN TWO-LINED SALAMANDER,,1,,,,,Y,N,N,N,Y,N,Spring,
SIDE-201-R-2008,2008,Washington,NORTHERN TWO-LINED SALAMANDER,,1,,,,,,,,,,,Stream Salamander,
TOWN-106-R-2008,2008,Allegany,NORTHERN TWO-LINED SALAMANDER,,1,,,,,Y,N,N,N,Y,N,Spring,
UMON-119-S-2008,2008,Frederick,NORTHERN TWO-LINED SALAMANDER,,1,,,,,Y,N,N,N,Y,N,Spring,
UMON-119-S-2008,2008,Frederick,NORTHERN TWO-LINED SALAMANDER,,1,,,,,,,,,,,Stream Salamander,
UMON-288-S-2008,2008,Frederick,NORTHERN TWO-LINED SALAMANDER,,1,,,,,,,,,,,Stream Salamander,
YOUG-432-S-2008,2008,Garrett,NORTHERN TWO-LINED SALAMANDER,,1,,,,,N,N,Y,N,Y,N,Spring,
YOUG-432-S-2008,2008,Garrett,NORTHERN TWO-LINED SALAMANDER,,1,,,,,,,,,,,Stream Salamander,
ANTI-104-R-2009,2009,Washington,NORTHERN TWO-LINED SALAMANDER,,1,,,,,,,,,,,Stream Salamander,
CASS-302-A-2009,2009,Garrett,NORTHERN TWO-LINED SALAMANDER,,1,,,,,,,,,,,Stream Salamander,
CATO-114-R-2009,2009,Frederick,NORTHERN TWO-LINED SALAMANDER,,1,,,,,,,,,,,Stream Salamander,
CATO-114-R-2009,2009,Frederick,NORTHERN TWO-LINED SALAMANDER,,1,,,,,N,N,Y,N,Y,N,Spring,
CATO-115-R-2009,2009,Frederick,NORTHERN TWO-LINED SALAMANDER,,1,,,,,,,,,,,Stream Salamander,
CATO-115-R-2009,2009,Frederick,NORTHERN TWO-LINED SALAMANDER,,1,,,,,N,N,Y,N,Y,N,Spring,
EVIT-101-R-2009,2009,Allegany,NORTHERN TWO-LINED SALAMANDER,,1,,,,,,,,,,,Stream Salamander,
EVIT-101-R-2009,2009,Allegany,NORTHERN TWO-LINED SALAMANDER,,1,,,,,N,N,Y,N,Y,N,Spring,
EVIT-103-R-2009,2009,Allegany,NORTHERN TWO-LINED SALAMANDER,,1,,,,,,,,,,,Stream Salamander,
EVIT-110-R-2009,2009,Allegany,NORTHERN TWO-LINED SALAMANDER,,1,,,,,,,,,,,Stream Salamander,
EVIT-110-R-2009,2009,Allegany,NORTHERN TWO-LINED SALAMANDER,,1,,,,,N,N,Y,N,Y,N,Spring,
FIMI-101-A-2009,2009,Allegany,NORTHERN TWO-LINED SALAMANDER,,1,,,,,,,,,,,Stream Salamander,
FIMI-101-H-2009,2009,Allegany,NORTHERN TWO-LINED SALAMANDER,,1,,,,,N,N,Y,N,Y,N,Spring,
FIMI-101-H-2009,2009,Allegany,NORTHERN TWO-LINED SALAMANDER,,1,,,,,Y,N,Y,N,,,RTE Herp,
FIMI-102-H-2009,2009,Allegany,NORTHERN TWO-LINED SALAMANDER,,1,,,,,N,N,Y,N,,,RTE Herp,
FIMI-102-H-2009,2009,Allegany,NORTHERN TWO-LINED SALAMANDER,,1,,,,,N,N,Y,N,Y,N,Spring,
FIMI-105-H-2009,2009,Allegany,NORTHERN TWO-LINED SALAMANDER,,1,,,,,Y,N,Y,N,Y,N,Spring,
FIMI-126-A-2009,2009,Allegany,NORTHERN TWO-LINED SALAMANDER,,1,,,,,,,,,,,Stream Salamander,
FIMI-127-A-2009,2009,Allegany,NORTHERN TWO-LINED SALAMANDER,,1,,,,,,,,,,,Stream Salamander,
FIMI-127-A-2009,2009,Allegany,NORTHERN TWO-LINED SALAMANDER,,1,,,,,Y,N,Y,N,Y,N,Spring,
FIMI-128-A-2009,2009,Allegany,NORTHERN TWO-LINED SALAMANDER,,1,,,,,,,,,,,Stream Salamander,
FIMI-129-A-2009,2009,Allegany,NORTHERN TWO-LINED SALAMANDER,,1,,,,,Y,N,Y,N,Y,N,Spring,
FIMI-207-H-2009,2009,Allegany,NORTHERN TWO-LINED SALAMANDER,,1,,,,,Y,N,N,N,,,RTE Herp,
FIMI-207-S-2009,2009,Allegany,NORTHERN TWO-LINED SALAMANDER,,1,,,,,,,,,,,Stream Salamander,
FIMI-304-H-2009,2009,Allegany,NORTHERN TWO-LINED SALAMANDER,,1,,,,,Y,Y,N,N,,,RTE Herp,
FIMI-401-A-2009,2009,Allegany,NORTHERN TWO-LINED SALAMANDER,,1,,,,,,,,,,,Stream Salamander,
FIMI-403-H-2009,2009,Allegany,NORTHERN TWO-LINED SALAMANDER,,1,,,,,N,N,Y,N,,,RTE Herp,
LYOU-110-R-2009,2009,Garrett,NORTHERN TWO-LINED SALAMANDER,,1,,,,,,,,,,,Stream Salamander,
LYOU-114-R-2009,2009,Garrett,NORTHERN TWO-LINED SALAMANDER,,1,,,,,,,,,,,Stream Salamander,
PRLN-626-S-2009,2009,Allegany,NORTHERN TWO-LINED SALAMANDER,,1,,,,,,,,,,,Stream Salamander,
SAVA-204-S-2009,2009,Garrett,NORTHERN TWO-LINED SALAMANDER,,1,,,,,,,,,,,Stream Salamander,
SAVA-225-S-2009,2009,Garrett,NORTHERN TWO-LINED SALAMANDER,,1,,,,,,,,,,,Stream Salamander,
SAVA-276-S-2009,2009,Garrett,NORTHERN TWO-LINED SALAMANDER,,1,,,,,,,,,,,Stream Salamander,
SIDE-401-H-2009,2009,Allegany,NORTHERN TWO-LINED SALAMANDER,,1,,,,,,,,,,,Stream Salamander,
UMON-119-S-2009,2009,Frederick,NORTHERN TWO-LINED SALAMANDER,,1,,,,,,,,,,,Stream Salamander,
UMON-203-A-2009,2009,Frederick,NORTHERN TWO-LINED SALAMANDER,,1,,,,,,,,,,,Stream Salamander,
UMON-223-A-2009,2009,Frederick,NORTHERN TWO-LINED SALAMANDER,,1,,,,,,,,,,,Stream Salamander,
UMON-230-A-2009,2009,Frederick,NORTHERN TWO-LINED SALAMANDER,,1,,,,,,,,,,,Stream Salamander,
WILL-109-R-2009,2009,Allegany,NORTHERN TWO-LINED SALAMANDER,,1,,,,,,,,,,,Stream Salamander,
YOUG-124-A-2009,2009,Garrett,NORTHERN TWO-LINED SALAMANDER,,1,,,,,Y,N,N,N,Y,N,Spring,
YOUG-432-S-2009,2009,Garrett,NORTHERN TWO-LINED SALAMANDER,,1,,,,,,,,,,,Stream Salamander,
ANTI-101-S-2010,2010,Washington,NORTHERN TWO-LINED SALAMANDER,,1,,,,,Y,N,N,N,Y,N,Spring,
CASS-107-H-2010,2010,Garrett,NORTHERN TWO-LINED SALAMANDER,,1,,,,,Y,N,N,N,Y,N,Spring,
CASS-109-H-2010,2010,Garrett,NORTHERN TWO-LINED SALAMANDER,,1,,,,,Y,N,N,N,Y,N,Spring,
CASS-201-H-2010,2010,Garrett,NORTHERN TWO-LINED SALAMANDER,,1,,,,,Y,N,N,N,Y,N,Spring,
CASS-299-H-2010,2010,Garrett,NORTHERN TWO-LINED SALAMANDER,,1,,,,,N,N,Y,N,Y,N,Spring,
CASS-304-H-2010,2010,Garrett,NORTHERN TWO-LINED SALAMANDER,,1,,,,,N,N,Y,N,Y,N,Spring,
CASS-311-H-2010,2010,Garrett,NORTHERN TWO-LINED SALAMANDER,,1,,,,,N,N,Y,N,Y,N,Spring,
CATO-201-B-2010,2010,Frederick,NORTHERN TWO-LINED SALAMANDER,,1,,,,,N,N,Y,N,Y,N,Spring,
CATO-202-B-2010,2010,Frederick,NORTHERN TWO-LINED SALAMANDER,,1,,,,,Y,N,N,N,Y,N,Spring,
FIMI-122-A-2010,2010,Allegany,NORTHERN TWO-LINED SALAMANDER,,1,,,,,Y,N,N,N,Y,N,Spring,
FIMI-127-A-2010,2010,Allegany,NORTHERN TWO-LINED SALAMANDER,,1,,,,,Y,N,N,N,Y,N,Spring,
LMON-205-B-2010,2010,Frederick,NORTHERN TWO-LINED SALAMANDER,,1,,,,,Y,N,N,N,Y,N,Spring,
UMON-510-H-2010,2010,Frederick,NORTHERN TWO-LINED SALAMANDER,,1,,,,,N,N,Y,N,Y,N,Spring,
CASS-102-X-2011,2011,Garrett,NORTHERN TWO-LINED SALAMANDER,,1,,,,,Y,N,Y,N,Y,N,,
CASS-103-X-2011,2011,Garrett,NORTHERN TWO-LINED SALAMANDER,,1,,,,,Y,N,N,N,Y,N,,
CASS-104-X-2011,2011,Garrett,NORTHERN TWO-LINED SALAMANDER,,1,,,,,N,Y,N,N,Y,N,,
CASS-105-X-2011,2011,Garrett,NORTHERN TWO-LINED SALAMANDER,,1,,,,,Y,N,Y,N,Y,N,,
SAVA-276-S-2011,2011,Garrett,NORTHERN TWO-LINED SALAMANDER,,1,,,,,N,Y,N,N,Y,N,,
SIDE-403-H-2011,2011,Washington,NORTHERN TWO-LINED SALAMANDER,,1,,,,,N,N,Y,N,Y,N,,
SIDE-408-H-2011,2011,Allegany,NORTHERN TWO-LINED SALAMANDER,,1,,,,,Y,N,N,N,Y,N,,
UMON-119-S-2011,2011,Frederick,NORTHERN TWO-LINED SALAMANDER,,1,,,,,Y,N,N,N,Y,N,,
ANTI-101-S-2012,2012,Washington,NORTHERN TWO-LINED SALAMANDER,,1,,,,,N,N,Y,N,Y,N,Spring,
CASS-101-D-2012,2012,Garrett,NORTHERN TWO-LINED SALAMANDER,,1,,,,,Y,N,Y,N,Y,N,Spring,
CASS-103-D-2012,2012,Garrett,NORTHERN TWO-LINED SALAMANDER,,1,,,,,N,N,Y,N,Y,N,Spring,
FIMI-191-A-2012,2012,Allegany,NORTHERN TWO-LINED SALAMANDER,,1,,,,,N,N,Y,N,Y,N,Spring,
SAVA-101-D-2012,2012,Garrett,NORTHERN TWO-LINED SALAMANDER,,1,,,,,Y,N,Y,N,Y,N,Spring,
SAVA-192-A-2012,2012,Garrett,NORTHERN TWO-LINED SALAMANDER,,1,,,,,N,N,Y,N,Y,N,Spring,
SAVA-193-A-2012,2012,Garrett,NORTHERN TWO-LINED SALAMANDER,,1,,,,,N,N,Y,N,Y,N,Spring,
SAVA-202-D-2012,2012,Garrett,NORTHERN TWO-LINED SALAMANDER,,1,,,,,N,N,Y,N,Y,N,Spring,
SAVA-225-S-2012,2012,Garrett,NORTHERN TWO-LINED SALAMANDER,,1,,,,,N,N,Y,N,Y,N,Spring,
TOWN-192-A-2012,2012,Allegany,NORTHERN TWO-LINED SALAMANDER,,1,,,,,N,N,Y,N,Y,N,Spring,
UMON-119-S-2012,2012,Frederick,NORTHERN TWO-LINED SALAMANDER,,1,,,,,N,N,Y,N,Y,N,Spring,
WILL-193-A-2012,2012,Allegany,NORTHERN TWO-LINED SALAMANDER,,1,,,,,N,N,Y,N,Y,N,Spring,
YOUG-102-D-2012,2012,Garrett,NORTHERN TWO-LINED SALAMANDER,,1,,,,,Y,N,Y,N,Y,N,Spring,
YOUG-103-D-2012,2012,Garrett,NORTHERN TWO-LINED SALAMANDER,,1,,,,,Y,N,N,N,Y,N,Spring,
YOUG-104-D-2012,2012,Garrett,NORTHERN TWO-LINED SALAMANDER,,1,,,,,N,N,Y,N,Y,N,Spring,
YOUG-291-A-2012,2012,Garrett,NORTHERN TWO-LINED SALAMANDER,,1,,,,,N,N,Y,N,Y,N,Spring,
CASS-101-D-2013,2013,Garrett,NORTHERN TWO-LINED SALAMANDER,,1,,,,,Y,N,Y,N,Y,N,Spring,
SAVA-225-S-2013,2013,Garrett,NORTHERN TWO-LINED SALAMANDER,,1,,,,,N,N,Y,N,Y,N,Spring,
YOUG-104-D-2013,2013,Garrett,NORTHERN TWO-LINED SALAMANDER,,1,,,,,N,N,Y,N,Y,N,Spring,
ANTI-101-S-2014,2014,Washington,NORTHERN TWO-LINED SALAMANDER,,1,,,,,N,N,Y,N,Y,N,Spring,
CASS-101-D-2014,2014,Garrett,NORTHERN TWO-LINED SALAMANDER,,1,,,,,Y,N,Y,N,Y,N,Spring,
FIMI-109-R-2014,2014,Allegany,NORTHERN TWO-LINED SALAMANDER,,1,,,,,N,N,Y,N,Y,N,Spring,
LMON-203-X-2014,2014,Frederick,NORTHERN TWO-LINED SALAMANDER,,1,,,,,N,N,Y,N,Y,N,Spring,
MARS-210-R-2014,2014,Washington,NORTHERN TWO-LINED SALAMANDER,,1,,,,,N,N,Y,N,Y,N,Spring,
PRLN-626-S-2014,2014,Allegany,NORTHERN TWO-LINED SALAMANDER,,1,,,,,N,N,Y,N,Y,N,Spring,
PRUN-201-X-2014,2014,Garrett,NORTHERN TWO-LINED SALAMANDER,,1,,,,,N,N,Y,N,Y,N,Spring,
PRUN-202-X-2014,2014,Garrett,NORTHERN TWO-LINED SALAMANDER,,1,,,,,N,N,Y,N,Y,N,Spring,
SAVA-204-S-2014,2014,Garrett,NORTHERN TWO-LINED SALAMANDER,,1,,,,,N,N,Y,N,Y,N,Spring,
SAVA-276-S-2014,2014,Garrett,NORTHERN TWO-LINED SALAMANDER,,1,,,,,Y,N,N,N,Y,N,Spring,
UMON-119-S-2014,2014,Frederick,NORTHERN TWO-LINED SALAMANDER,,1,,,,,Y,N,Y,N,Y,N,Spring,
UMON-229-R-2014,2014,Frederick,NORTHERN TWO-LINED SALAMANDER,,1,,,,,N,N,Y,N,Y,N,Spring,
UMON-288-S-2014,2014,Frederick,NORTHERN TWO-LINED SALAMANDER,,1,,,,,N,N,Y,N,Y,N,Spring,
UMON-298-X-2014,2014,Frederick,NORTHERN TWO-LINED SALAMANDER,,1,,,,,N,N,Y,N,Y,N,Spring,
UMON-299-X-2014,2014,Frederick,NORTHERN TWO-LINED SALAMANDER,,1,,,,,Y,N,Y,N,Y,N,Spring,
ANTI-102-X-2015,2015,Washington,NORTHERN TWO-LINED SALAMANDER,,1,,,,,N,N,Y,N,Y,N,Spring,
ANTI-201-X-2015,2015,Washington,NORTHERN TWO-LINED SALAMANDER,,1,,,,,N,N,Y,N,Y,N,Spring,
CASS-103-R-2015,2015,Garrett,NORTHERN TWO-LINED SALAMANDER,,1,,,,,Y,N,N,N,Y,N,Spring,
CASS-115-R-2015,2015,Garrett,NORTHERN TWO-LINED SALAMANDER,,1,,,,,Y,N,Y,N,Y,N,Spring,
DCRL-101-X-2015,2015,Garrett,NORTHERN TWO-LINED SALAMANDER,,1,,,,,Y,N,Y,N,Y,N,Spring,
FIMI-207-S-2015,2015,Allegany,NORTHERN TWO-LINED SALAMANDER,,1,,,,,Y,N,Y,N,Y,N,Spring,
PRUN-202-X-2015,2015,Garrett,NORTHERN TWO-LINED SALAMANDER,,1,,,,,N,N,Y,N,Y,N,Spring,
SAVA-276-S-2015,2015,Garrett,NORTHERN TWO-LINED SALAMANDER,,1,,,,,Y,N,Y,N,Y,N,Spring,
SIDE-312-R-2015,2015,Washington,NORTHERN TWO-LINED SALAMANDER,,1,,,,,Y,N,N,N,Y,N,Spring,
TOWN-113-R-2015,2015,Allegany,NORTHERN TWO-LINED SALAMANDER,,1,,,,,Y,N,N,N,Y,N,Spring,
UMON-119-S-2015,2015,Frederick,NORTHERN TWO-LINED SALAMANDER,,1,,,,,N,N,Y,N,Y,N,Spring,
UMON-288-S-2015,2015,Frederick,NORTHERN TWO-LINED SALAMANDER,,1,,,,,N,N,Y,N,Y,N,Spring,
YOUG-102-X-2015,2015,Garrett,NORTHERN TWO-LINED SALAMANDER,,1,,,,,N,N,Y,N,Y,N,Spring,
YOUG-103-X-2015,2015,Garrett,NORTHERN TWO-LINED SALAMANDER,,1,,,,,Y,N,Y,N,Y,N,Spring,
YOUG-104-X-2015,2015,Garrett,NORTHERN TWO-LINED SALAMANDER,,1,,,,,N,N,Y,N,Y,N,Spring,
YOUG-107-R-2015,2015,Garrett,NORTHERN TWO-LINED SALAMANDER,,1,,,,,Y,N,N,N,Y,N,Spring,
YOUG-119-R-2015,2015,Garrett,NORTHERN TWO-LINED SALAMANDER,,1,,,,,N,N,Y,N,Y,N,Spring,
YOUG-206-X-2015,2015,Garrett,NORTHERN TWO-LINED SALAMANDER,,1,,,,,Y,N,N,N,Y,N,Spring,
YOUG-323-R-2015,2015,Garrett,NORTHERN TWO-LINED SALAMANDER,,1,,,,,N,N,Y,N,Y,N,Spring,
ANTI-101-S-2016,2016,Washington,NORTHERN TWO-LINED SALAMANDER,,1,,,,,N,N,Y,N,Y,N,Spring,
DOUB-225-R-2016,2016,Frederick,NORTHERN TWO-LINED SALAMANDER,,1,,,,,N,N,Y,N,Y,N,Spring,
PRLN-104-R-2016,2016,Allegany,NORTHERN TWO-LINED SALAMANDER,,1,,,,,N,N,Y,N,Y,N,Spring,
PRLN-218-R-2016,2016,Allegany,NORTHERN TWO-LINED SALAMANDER,,1,,,,,Y,N,N,N,Y,N,Spring,
PRLN-626-S-2016,2016,Allegany,NORTHERN TWO-LINED SALAMANDER,,1,,,,,N,N,Y,N,Y,N,Spring,
SAVA-105-R-2016,2016,Garrett,NORTHERN TWO-LINED SALAMANDER,,1,,,,,N,N,Y,N,Y,N,Spring,
SAVA-118-R-2016,2016,Garrett,NORTHERN TWO-LINED SALAMANDER,,1,,,,,Y,N,Y,N,Y,N,Spring,
SAVA-119-R-2016,2016,Garrett,NORTHERN TWO-LINED SALAMANDER,,1,,,,,N,N,Y,N,Y,N,Spring,
SAVA-276-S-2016,2016,Garrett,NORTHERN TWO-LINED SALAMANDER,,1,,,,,N,N,Y,N,Y,N,Spring,
TOWN-104-R-2016,2016,Allegany,NORTHERN TWO-LINED SALAMANDER,,1,,,,,Y,N,Y,N,Y,N,Spring,
UMON-288-S-2016,2016,Frederick,NORTHERN TWO-LINED SALAMANDER,,1,,,,,N,N,Y,N,Y,N,Spring,
UMON-299-X-2016,2016,Frederick,NORTHERN TWO-LINED SALAMANDER,,1,,,,,Y,N,N,N,Y,N,Spring,
PRLN-302-R-2007,2007,Allegany,NORTHERN RED SALAMANDER,,,1,,,,,,,,,,Stream Salamander,
PRLN-305-R-2007,2007,Allegany,NORTHERN RED SALAMANDER,,,1,,,,,,,,,,Stream Salamander,
PRUN-107-R-2007,2007,Garrett,NORTHERN RED SALAMANDER,,,1,,,,,,,,,,Stream Salamander,
UMON-201-R-2007,2007,Frederick,NORTHERN RED SALAMANDER,,,1,,,,,,,,,,Stream Salamander,
FIMI-102-R-2008,2008,Allegany,NORTHERN RED SALAMANDER,,,1,,,,,,,,,,Stream Salamander,
FIMI-204-R-2008,2008,Allegany,NORTHERN RED SALAMANDER,,,1,,,,,,,,,,Stream Salamander,
GEOR-103-R-2008,2008,Allegany,NORTHERN RED SALAMANDER,,,1,,,,,,,,,,Stream Salamander,
GEOR-209-R-2008,2008,Allegany,NORTHERN RED SALAMANDER,,,1,,,,,,,,,,Stream Salamander,
SIDE-103-R-2008,2008,Allegany,NORTHERN RED SALAMANDER,,,1,,,,,,,,,,Stream Salamander,
SIDE-201-R-2008,2008,Washington,NORTHERN RED SALAMANDER,,,1,,,,,,,,,,Stream Salamander,
CATO-114-R-2009,2009,Frederick,NORTHERN RED SALAMANDER,,,1,,,,,,,,,,Stream Salamander,
LYOU-110-R-2009,2009,Garrett,NORTHERN RED SALAMANDER,,,1,,,,,,,,,,Stream Salamander,
UMON-203-A-2009,2009,Frederick,NORTHERN RED SALAMANDER,,,1,,,,,,,,,,Stream Salamander,
YOUG-107-R-2015,2015,Garrett,NORTHERN RED SALAMANDER,,,1,,,,N,N,Y,N,Y,N,Spring,
PRFR-116-R-2007,2007,Washington,LONG-TAILED SALAMANDER,,,,1,,,Y,N,N,N,,,Summer,
PRLN-104-R-2007,2007,Allegany,LONG-TAILED SALAMANDER,,,,1,,,Y,N,N,N,,,Summer,
SAVA-204-S-2007,2007,Garrett,LONG-TAILED SALAMANDER,,,,1,,,N,Y,N,N,,,Summer,
YOUG-345-A-2007,2007,Garrett,LONG-TAILED SALAMANDER,,,,1,,,Y,N,N,N,,,Summer,
DCRL-106-B-2008,2008,Garrett,LONG-TAILED SALAMANDER,,,,1,,,Y,N,N,N,N,N,Summer,
SAVA-225-S-2008,2008,Garrett,LONG-TAILED SALAMANDER,,,,1,,,,,,,,,Stream Salamander,
CASS-302-A-2009,2009,Garrett,LONG-TAILED SALAMANDER,,,,1,,,Y,N,N,N,,,Summer,
FIMI-127-A-2009,2009,Allegany,LONG-TAILED SALAMANDER,,,,1,,,Y,N,N,N,,,Summer,
FIMI-129-A-2009,2009,Allegany,LONG-TAILED SALAMANDER,,,,1,,,Y,N,N,N,,,Summer,
FIMI-207-H-2009,2009,Allegany,LONG-TAILED SALAMANDER,,,,1,,,Y,N,N,N,,,RTE Herp,
FIMI-401-A-2009,2009,Allegany,LONG-TAILED SALAMANDER,,,,1,,,Y,N,N,N,,,Summer,
SIDE-191-R-2015,2015,Washington,LONG-TAILED SALAMANDER,,,,1,,,Y,N,N,N,,,Summer,
PRLN-104-R-2007,2007,Allegany,SEAL SALAMANDER,,,,,1,,,,,,,,Stream Salamander,
PRUN-108-R-2007,2007,Garrett,SEAL SALAMANDER,,,,,1,,,,,,,,Stream Salamander,
SAVA-105-R-2007,2007,Garrett,SEAL SALAMANDER,,,,,1,,,,,,,,Stream Salamander,
SAVA-204-S-2007,2007,Garrett,SEAL SALAMANDER,,,,,1,,,,,,,,Stream Salamander,
SAVA-276-S-2007,2007,Garrett,SEAL SALAMANDER,,,,,1,,,,,,,,Stream Salamander,
YOUG-208-R-2007,2007,Garrett,SEAL SALAMANDER,,,,,1,,,,,,,,Stream Salamander,
YOUG-340-A-2007,2007,Garrett,SEAL SALAMANDER,,,,,1,,,,,,,,Stream Salamander,
YOUG-345-A-2007,2007,Garrett,SEAL SALAMANDER,,,,,1,,,,,,,,Stream Salamander,
DCRL-105-B-2008,2008,Garrett,SEAL SALAMANDER,,,,,1,,,,,,,,Stream Salamander,
DCRL-106-B-2008,2008,Garrett,SEAL SALAMANDER,,,,,1,,,,,,,,Stream Salamander,
GEOR-110-R-2008,2008,Allegany,SEAL SALAMANDER,,,,,1,,,,,,,,Stream Salamander,
PRLN-626-S-2008,2008,Allegany,SEAL SALAMANDER,,,,,1,,,,,,,,Stream Salamander,
SAVA-204-S-2008,2008,Garrett,SEAL SALAMANDER,,,,,1,,,,,,,,Stream Salamander,
SAVA-276-S-2008,2008,Garrett,SEAL SALAMANDER,,,,,1,,N,N,Y,N,Y,N,Spring,
SAVA-276-S-2008,2008,Garrett,SEAL SALAMANDER,,,,,1,,,,,,,,Stream Salamander,
YOUG-432-S-2008,2008,Garrett,SEAL SALAMANDER,,,,,1,,,,,,,,Stream Salamander,
PRLN-626-S-2009,2009,Allegany,SEAL SALAMANDER,,,,,1,,,,,,,,Stream Salamander,
SAVA-276-S-2009,2009,Garrett,SEAL SALAMANDER,,,,,1,,,,,,,,Stream Salamander,
YOUG-106-A-2009,2009,Garrett,SEAL SALAMANDER,,,,,1,,Y,N,N,N,,,Summer,
YOUG-122-A-2009,2009,Garrett,SEAL SALAMANDER,,,,,1,,,,,,,,Stream Salamander,
YOUG-203-A-2009,2009,Garrett,SEAL SALAMANDER,,,,,1,,,,,,,,Stream Salamander,
YOUG-432-S-2009,2009,Garrett,SEAL SALAMANDER,,,,,1,,,,,,,,Stream Salamander,
SAVA-276-S-2011,2011,Garrett,SEAL SALAMANDER,,,,,1,,Y,N,N,N,Y,N,,
YOUG-102-D-2013,2013,Garrett,SEAL SALAMANDER,,,,,1,,Y,N,N,N,,,Summer,
PRUN-108-R-2007,2007,Garrett,ALLEGHENY MOUNTAIN DUSKY SALAMANDER,,,,,,1,,,,,,,Stream Salamander,
PRUN-203-R-2007,2007,Garrett,ALLEGHENY MOUNTAIN DUSKY SALAMANDER,,,,,,1,Y,N,N,N,Y,N,Spring,
SAVA-105-R-2007,2007,Garrett,ALLEGHENY MOUNTAIN DUSKY SALAMANDER,,,,,,1,,,,,,,Stream Salamander,
SAVA-204-S-2007,2007,Garrett,ALLEGHENY MOUNTAIN DUSKY SALAMANDER,,,,,,1,,,,,,,Stream Salamander,
SAVA-225-S-2007,2007,Garrett,ALLEGHENY MOUNTAIN DUSKY SALAMANDER,,,,,,1,,,,,,,Stream Salamander,
YOUG-208-R-2007,2007,Garrett,ALLEGHENY MOUNTAIN DUSKY SALAMANDER,,,,,,1,,,,,,,Stream Salamander,
YOUG-340-A-2007,2007,Garrett,ALLEGHENY MOUNTAIN DUSKY SALAMANDER,,,,,,1,,,,,,,Stream Salamander,
YOUG-345-A-2007,2007,Garrett,ALLEGHENY MOUNTAIN DUSKY SALAMANDER,,,,,,1,,,,,,,Stream Salamander,
YOUG-432-S-2007,2007,Garrett,ALLEGHENY MOUNTAIN DUSKY SALAMANDER,,,,,,1,,,,,,,Stream Salamander,
CASS-202-R-2008,2008,Garrett,ALLEGHENY MOUNTAIN DUSKY SALAMANDER,,,,,,1,,,,,,,Stream Salamander,
SAVA-204-S-2008,2008,Garrett,ALLEGHENY MOUNTAIN DUSKY SALAMANDER,,,,,,1,,,,,,,Stream Salamander,
SAVA-225-S-2008,2008,Garrett,ALLEGHENY MOUNTAIN DUSKY SALAMANDER,,,,,,1,,,,,,,Stream Salamander,
YOUG-432-S-2008,2008,Garrett,ALLEGHENY MOUNTAIN DUSKY SALAMANDER,,,,,,1,,,,,,,Stream Salamander,
FIMI-102-H-2009,2009,Allegany,ALLEGHENY MOUNTAIN DUSKY SALAMANDER,,,,,,1,Y,N,N,N,,,RTE Herp,
FIMI-304-H-2009,2009,Allegany,ALLEGHENY MOUNTAIN DUSKY SALAMANDER,,,,,,1,Y,N,N,N,,,RTE Herp,
SAVA-204-S-2009,2009,Garrett,ALLEGHENY MOUNTAIN DUSKY SALAMANDER,,,,,,1,,,,,,,Stream Salamander,
SAVA-225-S-2009,2009,Garrett,ALLEGHENY MOUNTAIN DUSKY SALAMANDER,,,,,,1,,,,,,,Stream Salamander,
SAVA-276-S-2009,2009,Garrett,ALLEGHENY MOUNTAIN DUSKY SALAMANDER,,,,,,1,,,,,,,Stream Salamander,
WILL-111-R-2009,2009,Allegany,ALLEGHENY MOUNTAIN DUSKY SALAMANDER,,,,,,1,,,,,,,Stream Salamander,
YOUG-121-A-2009,2009,Garrett,ALLEGHENY MOUNTAIN DUSKY SALAMANDER,,,,,,1,,,,,,,Stream Salamander,
YOUG-122-A-2009,2009,Garrett,ALLEGHENY MOUNTAIN DUSKY SALAMANDER,,,,,,1,,,,,,,Stream Salamander,
YOUG-123-A-2009,2009,Garrett,ALLEGHENY MOUNTAIN DUSKY SALAMANDER,,,,,,1,,,,,,,Stream Salamander,
YOUG-124-A-2009,2009,Garrett,ALLEGHENY MOUNTAIN DUSKY SALAMANDER,,,,,,1,,,,,,,Stream Salamander,
YOUG-203-A-2009,2009,Garrett,ALLEGHENY MOUNTAIN DUSKY SALAMANDER,,,,,,1,,,,,,,Stream Salamander,
YOUG-432-S-2009,2009,Garrett,ALLEGHENY MOUNTAIN DUSKY SALAMANDER,,,,,,1,,,,,,,Stream Salamander,
CASS-109-H-2010,2010,Garrett,ALLEGHENY MOUNTAIN DUSKY SALAMANDER,,,,,,1,Y,N,N,N,Y,N,Spring,
CASS-311-H-2010,2010,Garrett,ALLEGHENY MOUNTAIN DUSKY SALAMANDER,,,,,,1,Y,N,N,N,Y,N,Spring,
SAVA-276-S-2011,2011,Garrett,ALLEGHENY MOUNTAIN DUSKY SALAMANDER,,,,,,1,Y,N,N,N,Y,N,,
PRLN-626-S-2012,2012,Allegany,ALLEGHENY MOUNTAIN DUSKY SALAMANDER,,,,,,1,Y,N,N,N,Y,N,Spring,
SAVA-102-H-2012,2012,Garrett,ALLEGHENY MOUNTAIN DUSKY SALAMANDER,,,,,,1,Y,N,N,N,Y,N,Spring,
SAVA-101-D-2014,2014,Garrett,ALLEGHENY MOUNTAIN DUSKY SALAMANDER,,,,,,1,Y,N,N,N,,,Summer,
SAVA-276-S-2015,2015,Garrett,ALLEGHENY MOUNTAIN DUSKY SALAMANDER,,,,,,1,Y,N,N,N,Y,N,Spring,
YOUG-104-X-2015,2015,Garrett,ALLEGHENY MOUNTAIN DUSKY SALAMANDER,,,,,,1,Y,N,N,N,,,Summer,
PRUN-202-X-2016,2016,Garrett,ALLEGHENY MOUNTAIN DUSKY SALAMANDER,,,,,,1,Y,N,N,N,Y,N,Spring,
